연번,주차장 위치,주차장 주소,법정동,설치일자,데이터기준일자,Longitude,Latitude,법정동2
1,한양수자인 하늘약국 앞 ,천안시 동남구 청당동 951,청당동,2021년,2024-05-29,127.152010258254,36.7842218538763,청룡동
2,청수 한양수자인 베스킨라빈스 앞 ,천안시 동남구 청당동 951,청당동,2021년,2024-05-29,127.152010258254,36.7842218538763,청룡동
3,신방한라비발디 후문 정류장 ,천안시 동남구 신방동 1891,신방동,2021년,2024-05-29,127.134893090432,36.7708373213855,신방동
4,신방우체국 중앙공원 ,천안시 동남구 신방동 1894,신방동,2021년,2024-05-29,127.133687458485,36.7724721359474,신방동
5,통정 상쾌한 내과 앞 ,천안시 동남구 청당동 396-10,청당동,2021년,2024-05-29,127.142137030125,36.7808217197886,청룡동
6,세광 파리바게뜨 맞은편 ,천안시 동남구 용곡동 571,용곡동,2021년,2024-05-29,127.140650367105,36.7801514352415,신방동
7,신방도서관 현수막거치대 옆 ,천안시 동남구 신방동 1521,신방동,2021년,2024-05-29,127.130951926505,36.7744606977586,신방동
8,마블러스 옆 보행자도로,천안시 서북구 불당동 1882,불당동,2021년,2024-05-29,127.107903363975,36.8106834558307,불당2동
9,서울대정병원 옆 보행자도로 ,천안시 서북구 불당동 1882,불당동,2021년,2024-05-29,127.107903363975,36.8106834558307,불당2동
10,물총새공원 거치대 ,천안시 서북구 불당동 1642,불당동,2021년,2024-05-29,127.106025072174,36.8080537210545,불당2동
11,호반3차 센터시티 동남쪽,천안시 서북구 불당동 1446,불당동,2021년,2024-05-29,127.104521970427,36.8013815087514,불당1동
12,불당행정복지센터,천안시 서북구 불당동 786,불당동,2021년,2024-05-29,127.116541751973,36.8050630042558,불당1동
13,불당 동일하이빌 정문 앞,천안시 서북구 불당동 745,불당동,2021년,2024-05-29,127.114121630704,36.8093079628879,불당1동
14,아리스타팰리스 ,천안시 서북구 불당동 1484,불당동,2021년,2024-05-29,127.110284179438,36.8197046271175,불당2동
15,불당24로 자전거거치대,천안시 서북구 불당동 1497,불당동,2021년,2024-05-29,127.103433313572,36.8220024844332,불당2동
16,불무중학교 앞 공원 거치대 ,천안시 서북구 불당동 1877,불당동,2021년,2024-05-29,127.104320783507,36.8166261407778,불당2동
17,신불당 스타벅스 앞,천안시 서북구 불당동 1618,불당동,2021년,2024-05-29,127.108191756053,36.8123860225035,불당2동
18,신불당 서브웨이 앞,천안시 서북구 불당동 1883,불당동,2021년,2024-05-29,127.105425152746,36.8139075991499,불당2동
19,백석프라자 앞 ,천안시 서북구 백석동 361-18,백석동,2021년,2024-05-29,127.115046835321,36.8254779345761,백석동
20,브라운스톤 정문 옆 ,천안시 서북구 백석동 930,백석동,2021년,2024-05-29,127.115690829511,36.829005328343,백석동
21,성성육교 하부 ,천안시 서북구 성성동 194-36,성성동,2021년,2024-05-29,127.124065552545,36.8390325139535,부성2동
22,벽산블루밍 육교 하부 ,천안시 서북구 백석동 658-77,백석동,2021년,2024-05-29,127.1125733,36.8242708,백석동
23,백석 호반 사거리 ,천안시 서북구 백석동 907,백석동,2021년,2024-05-29,127.117048147601,36.8177983526454,백석동
24,쌍용도서관 삼거리 ,천안시 서북구 불당동 791,불당동,2021년,2024-05-29,127.11515413771,36.8017809749612,불당1동
25,나사렛 미니스톱 근처 ,천안시 서북구 쌍용동 786,쌍용동,2021년,2024-05-29,127.120575093951,36.7974085422888,쌍용2동
26,쌍용 수산시장 앞 ,천안시 서북구 쌍용동 1591,쌍용동,2021년,2024-05-29,127.115668264455,36.7910635412772,쌍용2동
27,불당대로 정관장 앞 ,천안시 서북구 쌍용동 1383,쌍용동,2021년,2024-05-29,127.121049906582,36.8005824987008,쌍용2동
28,쌍용도서관 맞은편 ,천안시 서북구 쌍용동 1899,쌍용동,2021년,2024-05-29,127.11772652342,36.7957443372523,쌍용2동
29,쌍용동 하나은행 지하보도 사이 ,천안시 서북구 쌍용동 2034,쌍용동,2021년,2024-05-29,127.11898616094,36.8035799673825,쌍용3동
30,벽산태영 정문 근처 ,천안시 서북구 쌍용동 1538,쌍용동,2021년,2024-05-29,127.11635666643,36.7984207284222,쌍용2동
31,불당 한성아파트 정류장 뒤편 ,천안시 서북구 불당동 790,불당동,2021년,2024-05-29,127.113926261473,36.8020197806987,불당1동
32,충청약국 앞 보도,천안시 동남구 신방동47,신방동,2022년,2024-05-29,127.128698516111,36.7895967504681,신방동
33,MG새마을금고 앞 보도    ,천안시 동남구 신방동875,신방동,2022년,2024-05-29,127.128860063222,36.793471002908,신방동
34,육풍 앞 보도(동아태조아파트),천안시 동남구 신부동319-20,신부동,2022년,2024-05-29,127.152716131602,36.8230937212986,신안동
35,탑 라운드 앞 보도(터미널사거리),천안시 동남구 신부동 468-1,신부동,2022년,2024-05-29,127.15876161385,36.818715516558,신안동
36,경복궁 불고기 앞 보도(방죽안 오거리),천안시 동남구 신부동 401-238,신부동,2022년,2024-05-29,127.151685643366,36.8185068648992,신안동
37,방죽안 오거리 게시판 앞 보도,천안시 동남구 신부동 401-221,신부동,2022년,2024-05-29,127.152690112387,36.8195879915057,신안동
38,제주뜰갈치 앞 보도,천안시 동남구 봉명동 504,봉명동,2022년,2024-05-29,127.131540010728,36.8143738568782,봉명동
39,새마을 텔레콤 앞 보도,천안시 동남구 봉명동 500,봉명동,2022년,2024-05-29,127.134101566725,36.8132920067853,봉명동
40,청수한양수자인아파트 앞 보도,천안시 동남구 청당동 461,청당동,2022년,2024-05-29,127.152170192512,36.7835201318778,청룡동
41,국민연금공단,천안시 동남구 청당동 958,청당동,2022년,2024-05-29,127.158320873232,36.7851055451582,청룡동
42,스타벅스(청수동) 앞 보도,천안시 동남구 청당동 958,청당동,2022년,2024-05-29,127.158320873232,36.7851055451582,청룡동
43,우리은행 옆 보도 ,천안시 동남구 청당동 951,청당동,2022년,2024-05-29,127.152010258254,36.7842218538763,청룡동
44,삼거리청수호수공원 건너편,천안시 동남구 청수동 425,청수동,2022년,2024-05-29,127.14733037854,36.7884442348278,청룡동
45,농가마트 앞 보도,천안시 동남구 청수동 202-9,청수동,2022년,2024-05-29,127.155051834088,36.7897219315956,청룡동
46,두정역 사거리 앞 보도,천안시 서북구 두정동 389-42,두정동,2022년,2024-05-29,127.151524924272,36.8323787270013,부성1동
47,두정역 버스정류장,"천안시 서북구 두정동 71-1,2",두정동,2022년,2024-05-29,127.1461196,36.8329172,부성1동
48,CU편의점 앞 보도,천안시 서북구 두정동 1763,두정동,2022년,2024-05-29,127.149449606776,36.8353040034573,부성1동
49,스타펠리스 아파트 건너편 KT 앞 보도,천안시 서북구 두정동 1810,두정동,2022년,2024-05-29,127.141419204774,36.8335447735433,부성1동
50,두정역 펜타폴리스2차 앞 보도,천안시 서북구 두정동 1810,두정동,2022년,2024-05-29,127.141419204774,36.8335447735433,부성1동
51,현대자동차 앞 보도,천안시 서북구 두정동 1810,두정동,2022년,2024-05-29,127.141419204774,36.8335447735433,부성1동
52,다비치안경(두정) 앞 보도,천안시 서북구 두정동 1800,두정동,2022년,2024-05-29,127.138019567528,36.8345056539679,부성2동
53,로이드 앞 보도,천안시 서북구 두정동 1791,두정동,2022년,2024-05-29,127.135800595844,36.8337967852488,부성2동
54,GS편의점 앞 보도,천안시 서북구 두정동 1456,두정동,2022년,2024-05-29,127.142853933385,36.8320107258804,부성1동
55,대흥캐슬 앞 보도,천안시 서북구 두정동 1309,두정동,2022년,2024-05-29,127.140608650526,36.8325903812246,부성1동
56,농협 앞 보도 (화인메트로 병원 근처),천안시 서북구 두정동 1791,두정동,2022년,2024-05-29,127.135800595844,36.8337967852488,부성2동
57,두정도서관 보도,천안시 서북구 두정동 1791,두정동,2022년,2024-05-29,127.135800595844,36.8337967852488,부성2동
58, 헤어 보그 (두정도서관 사거리),천안시 서북구 두정동 2011,두정동,2022년,2024-05-29,127.130407473469,36.8339682660584,부성2동
59,말우물빌딩 앞 보도,천안시 서북구 두정동 1764,두정동,2022년,2024-05-29,127.130504574536,36.8338487628409,부성2동
60,부성2동 행정복지센터 앞 보도,천안시 서북구 두정동 1800,두정동,2022년,2024-05-29,127.138019567528,36.8345056539679,부성2동
61,통계청 앞 보도,천안시 서북구 두정동 839,두정동,2022년,2024-05-29,127.137363265304,36.8305245117338,부성2동
62,프라지움 6차 오피스텔 앞 보도,천안시 서북구 성정동 1270,성정동,2022년,2024-05-29,127.138195203363,36.8299404410622,성정2동
63,KT 앞 보도,천안시 서북구 두정동 802,두정동,2022년,2024-05-29,127.132996089809,36.8301946252873,부성2동
64,천안시 우체국 앞 보도,천안시 서북구 성정동 1537,성정동,2022년,2024-05-29,127.13556686052,36.8303002153154,성정2동
65,장호덕 손만두 옆 보도 (극동아파트 사거리),천안시 서북구 성정동 1124,성정동,2022년,2024-05-29,127.133573379503,36.8289024206118,성정2동
66,프라지움 7차 아파트 앞 보도,천안시 서북구 성정동 1345,성정동,2022년,2024-05-29,127.141744593548,36.8287229214056,성정2동
67,올리브영 앞 보도,천안시 서북구 성정동 1549,성정동,2022년,2024-05-29,127.141220747409,36.8278517230046,성정2동
68,프라지움 5차 아파트 앞 보도,천안시 서북구 성정동 1317,성정동,2022년,2024-05-29,127.140773953555,36.8296910531072,성정2동
69,프라지움 8차 아파트 앞 보도,천안시 서북구 성정동 1323,성정동,2022년,2024-05-29,127.141707205953,36.8297234657163,성정2동
70,천안축산농협 옆 보도,천안시 서북구 두정동 1776,두정동,2022년,2024-05-29,127.130208445971,36.8288471305572,부성2동
71,삼성디스플레이 앞 보도,천안시 서북구 성성동515,성성동,2022년,2024-05-29,127.119186072607,36.8402261549269,부성2동
72,천안시티자이아파트 앞 보도 (성성2교차로),천안시 서북구 성성동890,성성동,2022년,2024-05-29,127.12256076455,36.8441218087521,부성2동
73,농협 앞 보도 (노태산로 사거리),천안시 서북구 두정동 1764,두정동,2022년,2024-05-29,127.130504574536,36.8338487628409,부성2동
74,두정푸르지오5차(502동 앞)(노태산로 사거리),천안시 서북구 두정동 2011,두정동,2022년,2024-05-29,127.130407473469,36.8339682660584,부성2동
75,불당아이파크 앞 보도,천안시 서북구 불당동 740,불당동,2022년,2024-05-29,127.110376996706,36.8040235958769,불당1동
76,카페거리 앞 보도 (갤러리아 백화점 건너편),천안시 서북구 불당동 1446,불당동,2022년,2024-05-29,127.104521970427,36.8013815087514,불당1동
77,가야 귀금속 앞 보도,천안시 서북구 불당동 1269,불당동,2022년,2024-05-29,127.110531080193,36.8020770511577,불당1동
78,월봉중학교 쪽 앞 보도(사거리),천안시 서북구 불당동 1446,불당동,2022년,2024-05-29,127.104521970427,36.8013815087514,불당1동
79,한성아파트 앞 보도,천안시 서북구 불당동 795,불당동,2022년,2024-05-29,127.112503350721,36.8021472908528,불당1동
80,우인 LED 조명 앞 보도,천안시 서북구 쌍용동 1268,쌍용동,2022년,2024-05-29,127.129647836085,36.8031125001394,쌍용1동
81,스타벅스(쌍용동) 앞 보도,천안시 서북구 쌍용동 254-4,쌍용동,2022년,2024-05-29,127.127323635664,36.803563944836,쌍용3동
82,타올랜드 앞 보도,천안시 서북구 쌍용동 203-29,쌍용동,2022년,2024-05-29,127.129961378108,36.7982096578791,쌍용1동
83,LG유플러스 앞,천안시 서북구 쌍용동 175,쌍용동,2022년,2024-05-29,127.1201534,36.7989042,쌍용1동
84, 다비치안경 앞 보도,천안시 서북구 쌍용동 393-4,쌍용동,2022년,2024-05-29,127.126866624645,36.7944346334737,쌍용2동
85,MG새마을금고 보도,천안시 서북구 쌍용동 1545,쌍용동,2022년,2024-05-29,127.117708029519,36.7977906023903,쌍용2동
86,맘마마트 앞 보도,천안시 서북구 쌍용동 1366,쌍용동,2022년,2024-05-29,127.116782275354,36.8011068875183,쌍용2동
87,용암사거리 지하차도 제2지대 쌍용자율방범대,천안시 서북구 쌍용동 1899,쌍용동,2022년,2024-05-29,127.11772652342,36.7957443372523,쌍용2동
88,농산물 유통센터 앞 보도,천안시 서북구 성정동 748,성정동,2022년,2024-05-29,127.135947894641,36.8195396460966,성정2동
89, TG패션 앞 보도(구상골사러리),천안시 서북구 성정동 1105,성정동,2022년,2024-05-29,127.133416331768,36.8188278436503,성정2동
90,시루향기 앞 보도,천안시 서북구 성정동 721-1,성정동,2022년,2024-05-29,127.135172015737,36.8154273264678,성정1동
91,FOUNDYARD 커피숍 옆 보도,천안시 서북구 불당동 1880,불당동,2022년,2024-05-29,127.107677239444,36.8139841581254,불당2동
92,불당상업지구 GS25 앞 보도,천안시 서북구 불당동 722,불당동,2022년,2024-05-29,127.10724111264,36.8072768641051,불당1동
93,두정역푸르지오 공원 앞 보도,천안시 서북구 두정동 2042,두정동,2022년,2024-05-29,127.151442720983,36.8343515348285,부성1동
94,성환역 앞 보도,천안시 서북구 성환리 449-1027,성환읍,2022년,2024-05-29,127.127415050243,36.9146038200252,성환읍
95,성환읍 행정복지센터 뒤 보도,천안시 서북구 성환리 274-1,성환읍,2022년,2024-05-29,127.134249120121,36.9182023835568,성환읍
96,성환 시외버스터미널 주차장,천안시 서북구 성환리 372-4,성환읍,2022년,2024-05-29,127.133176176312,36.9175130827359,성환읍
97,남서울대 정문,천안시 서북구 성월리 58,성환읍,2022년,2024-05-29,127.142474770131,36.9111013688397,성환읍
98,남서울대 쪽문 옆 공터,천안시 서북구 성월리 59-2,성환읍,2022년,2024-05-29,127.144264692191,36.9116340087363,성환읍
99,힐스테이트 천안 지하상가입구 뒷편,천안시 동남구 문화동 63-21,문화동,2023년,2024-05-29,127.150311601888,36.8081547668588,문성동
100,대우5차아파트 버스정류장 인근,천안시 동남구 봉명동 224,봉명동,2023년,2024-05-29,127.133413162816,36.81009158662,봉명동
101,카페라떼르 인근,천안시 동남구 봉명동 131-26,봉명동,2023년,2024-05-29,127.129972923726,36.8149208415525,봉명동
102,맘스터치 인근,천안시 동남구 신방동 916,신방동,2023년,2024-05-29,127.126068375342,36.7887290911284,신방동
103,신부동 육교 인근,천안시 동남구 신부동 431,신부동,2023년,2024-05-29,127.161035473115,36.8232077294105,신안동
104,문암로 버스정류장 부근(봉구스 밥버거 맞은편),천안시 동남구 안서동 382,안서동,2023년,2024-05-29,127.181859746262,36.8416220946199,신안동
105,백석대학교 정문 버스정류장,천안시 동남구 안서동 526-92,안서동,2023년,2024-05-29,127.179652740984,36.8400586081893,신안동
106,"각원사길 버스정류장 근처, GS25 앞",천안시 동남구 안서동 233-4,안서동,2023년,2024-05-29,127.179707489051,36.8304906700763,신안동
107,호서대 버스정류장 인근,천안시 동남구 안서동 534-171,안서동,2023년,2024-05-29,127.180702767568,36.8299558865493,신안동
108,백석대 할매순대국 앞,천안시 동남구 안서동 368-18,안서동,2023년,2024-05-29,127.1889343,36.8380249,
109,백석대 천원국수 앞,천안시 동남구 안서동 382-2,안서동,2023년,2024-05-29,127.181583616352,36.8412441426072,신안동
110,정관장 앞,천안시 동남구 신방동 924,신방동,2023년,2024-05-29,127.128389421291,36.7881282689209,신방동
111,매일건강원 앞,천안시 동남구 신방동 8-9,신방동,2023년,2024-05-29,127.128886089714,36.7927547699392,신방동
112,두레현대아파트 입구,천안시 동남구 신방동 899,신방동,2023년,2024-05-29,127.131436372835,36.7918348260858,신방동
113,향촌현대아파트 입구,천안시 동남구 신방동 907,신방동,2023년,2024-05-29,127.128909673377,36.7895775984297,신방동
114,향촌현대아파트 입구2,천안시 동남구 신방동 907,신방동,2023년,2024-05-29,127.128909673377,36.7895775984297,신방동
115,두정역마을 두정공원 앞,천안시 서북구 두정동 406,두정동,2023년,2024-05-29,127.151586870791,36.8358218669552,부성1동
116,두정중학교 버스정류장 인근,천안시 서북구 두정동 1801,두정동,2023년,2024-05-29,127.138279803804,36.8345317540187,부성1동
117,경남아너스빌 입구,천안시 서북구 두정동 1801,두정동,2023년,2024-05-29,127.138279803804,36.8345317540187,부성1동
118,두정 푸르지오 입구,천안시 서북구 두정동 2010,두정동,2023년,2024-05-29,127.12873252331,36.8346789922036,부성2동
119,두정대림2차아파트 버스정류장 인근,천안시 서북구 두정동 2053,두정동,2023년,2024-05-29,127.12846329278,36.8377193469458,부성2동
120,천안시 장애인복지관 버스정류장 인근,천안시 서북구 두정동 1842,두정동,2023년,2024-05-29,127.132239214511,36.8388542054555,부성2동
121,백석11단지 버스정류장 인근,천안시 서북구 백석동 908,백석동,2023년,2024-05-29,127.117667555687,36.8200377190711,백석동
122,백석3로 시청로 사거리,천안시 서북구 백석동 912,백석동,2023년,2024-05-29,127.11824051606,36.8220787034149,백석동
123,천안종합운동장 테니스장 인근,천안시 서북구 백석동 274-3,백석동,2023년,2024-05-29,127.115033867818,36.8218318811274,백석동
124,천안종합운동장 테니스장 인근2,천안시 서북구 백석동 251,백석동,2023년,2024-05-29,127.115034633378,36.8190482640155,백석동
125,브라운스톤 아파트 버스정류장 인근,천안시 서북구 백석동 729,백석동,2023년,2024-05-29,127.114920940781,36.8310118506386,백석동
126,그린빌 아파트 산책로 입구,천안시 서북구 백석동 912,백석동,2023년,2024-05-29,127.11824051606,36.8220787034149,백석동
127,삼성SDI 앞,천안시 서북구 백석동 1126,백석동,2023년,2024-05-29,127.119942190295,36.8390336815366,백석동
128,이마트 서북점 버스정류장 인근,천안시 서북구 백석동 1145,백석동,2023년,2024-05-29,127.121909750106,36.8390646607797,백석동
129,도시바람길숲 불당광장 인근,천안시 서북구 불당동 681,불당동,2023년,2024-05-29,127.109087562632,36.8120918926938,불당1동
130,불당상업지구 버스정류장 인근,천안시 서북구 불당동 721,불당동,2023년,2024-05-29,127.108740765896,36.8115786674053,불당1동
131,불당현대아이파크 버스정류장 인근,천안시 서북구 불당동 722,불당동,2023년,2024-05-29,127.10724111264,36.8072768641051,불당1동
132,제주미작 사잇길 내부,천안시 서북구 불당동 1114,불당동,2023년,2024-05-29,127.10615259389,36.8032589732163,불당1동
133,장재천 농구장 인근,천안시 서북구 불당동 940,불당동,2023년,2024-05-29,127.107789936318,36.8045166240158,불당1동
134,추자횟집 앞,천안시 서북구 불당동 1115,불당동,2023년,2024-05-29,127.106474594843,36.8020086628733,불당1동
135,불당동일하이빌 버스정류장 인근,천안시 서북구 불당동 746,불당동,2023년,2024-05-29,127.11367145179,36.8078596778834,불당1동
136,불당동일하이빌 산책로 입구,천안시 서북구 불당동 745,불당동,2023년,2024-05-29,127.114121630704,36.8093079628879,불당1동
137,철교 삼거리 경사로,천안시 서북구 불당동 743,불당동,2023년,2024-05-29,127.112788177064,36.8102343153635,불당1동
138,불당리더힐스 버스정류장 인근,천안시 서북구 불당동 1866,불당동,2023년,2024-05-29,127.101681102253,36.8213235681764,불당2동
139,육교 농협 앞,천안시 서북구 불당동 1882,불당동,2023년,2024-05-29,127.107903363975,36.8106834558307,불당2동
140,불당동성당 앞 사잇길,천안시 서북구 불당동 887,불당동,2023년,2024-05-29,127.106880067855,36.805679248325,불당1동
141,제주미작 옆 사잇길,천안시 서북구 불당동 1115,불당동,2023년,2024-05-29,127.106474594843,36.8020086628733,불당1동
142,CGV 앞 육교 아래,천안시 서북구 불당동 668-1,불당동,2023년,2024-05-29,127.110686442077,36.8191633174103,불당1동
143,불당대동다숲 버스정류장 인근,천안시 서북구 불당동 744,불당동,2023년,2024-05-29,127.11351228988,36.8066234152282,불당1동
144,맘스터치 앞,천안시 서북구 불당동 723,불당동,2023년,2024-05-29,127.108516395051,36.810857623398,불당1동
145,천안시청 서북구보건소 버스정류장 인근,천안시 서북구 불당동 236-32,불당동,2023년,2024-05-29,127.115599056851,36.8141226111557,불당1동
146,제이앤하우스 앞,천안시 서북구 성정동 1105,성정동,2023년,2024-05-29,127.133416331768,36.8188278436503,성정2동
147,GS칼텍스 주유소 인근,천안시 서북구 성정동 908,성정동,2023년,2024-05-29,127.131915255218,36.8203313969277,성정2동
148,신한은행 앞,천안시 서북구 성정동 1535,성정동,2023년,2024-05-29,127.137776766694,36.8261984457529,성정2동
149,서부대로 사거리,천안시 서북구 성정동 785,성정동,2023년,2024-05-29,127.134029865089,36.8254541777085,성정2동
150,구상골사거리 버스정류장 인근,천안시 서북구 성정동 748,성정동,2023년,2024-05-29,127.135947894641,36.8195396460966,성정2동
151,모두투어 인근,천안시 서북구 성정동 1537,성정동,2023년,2024-05-29,127.13556686052,36.8303002153154,성정2동
152,수바이크 맞은편,천안시 서북구 성정동 208-14,성정동,2023년,2024-05-29,127.142287681192,36.8103130654621,성정1동
153,성성호수공원 인근,천안시 서북구 성성동 817,성성동,2023년,2024-05-29,127.138176497616,36.8415406787759,부성2동
154,성성호수공원 인근,천안시 서북구 성성동 817,성성동,2023년,2024-05-29,127.138176497616,36.8415406787759,부성2동
155,파크밸리 동일하이빌 정문 앞,천안시 서북구 쌍용동 2109,쌍용동,2023년,2024-05-29,127.118790990762,36.807301482328,쌍용3동
156,나사렛대학교 정문 버스정류장 인근,천안시 서북구 쌍용동 1899,쌍용동,2023년,2024-05-29,127.11772652342,36.7957443372523,쌍용2동
157,삼일육아원 버스정류장 인근,천안시 서북구 쌍용동 220-2,쌍용동,2023년,2024-05-29,127.126123086085,36.7977739569186,쌍용1동
158,삼일육아원 버스정류장 맞은편,천안시 서북구 쌍용동 220-77,쌍용동,2023년,2024-05-29,127.12666961482,36.7991756872547,쌍용1동
159,주공7단지 버스정류장 인근,천안시 서북구 쌍용동 1351,쌍용동,2023년,2024-05-29,127.125789716324,36.800088456568,쌍용3동
160,쌍용동성당 주차장 인근,천안시 서북구 쌍용동 1261,쌍용동,2023년,2024-05-29,127.127661852915,36.8041213703456,쌍용1동
161,쌍용공원 정문,천안시 서북구 쌍용동 315-9,쌍용동,2023년,2024-05-29,127.128983582583,36.8107393256157,쌍용3동
162,시영1차아파트 버스정류장 인근(이가대게),천안시 서북구 쌍용동 286-11,쌍용동,2023년,2024-05-29,127.128153765463,36.8074033193886,쌍용3동
163,한라동백아파트 버스정류장 인근,천안시 서북구 쌍용동 779,쌍용동,2023년,2024-05-29,127.123669805975,36.7987660446542,쌍용2동
164,IBK 기업은행 앞,천안시 서북구 쌍용동 889-2,쌍용동,2023년,2024-05-29,127.132223320187,36.807205936664,쌍용1동
165,불당동 보행육교 밑,천안시 서북구 불당동 1882,불당동,2023년,2024-05-29,127.107903363975,36.8106834558307,불당2동
166,불당동 유적공원 입구,천안시 서북구 불당동 786,불당동,2023년,2024-05-29,127.116541751973,36.8050630042558,불당1동
167,호반더퍼스트 정류장,천안시 서북구 불당동 1719,불당동,2023년,2024-05-29,127.104620476222,36.8082261760851,불당2동
168,라인 인테리어 앞,천안시 서북구 불당동 786,불당동,2023년,2024-05-29,127.116541751973,36.8050630042558,불당1동
169,GS 칼텍스 앞,천안시 서북구 성성동 411-7,성성동,2023년,2024-05-29,127.120292040195,36.8395080308614,부성2동
170,성성동 육교 밑,천안시 서북구 성성동 974,성성동,2023년,2024-05-29,127.125728481714,36.8400026100288,부성2동
171,나사렛대학교 인도1,천안시 서북구 쌍용동 1562,쌍용동,2023년,2024-05-29,127.117700673628,36.7942277896201,쌍용2동
172,나사렛대학교 인도2,천안시 서북구 쌍용동 1562,쌍용동,2023년,2024-05-29,127.117700673628,36.7942277896201,쌍용2동
173,용암지하차도,천안시 서북구 쌍용동 2034,쌍용동,2023년,2024-05-29,127.11898616094,36.8035799673825,쌍용3동
174,구성육교 밑,천안시 동남구 구성동 258-3,구성동,2024년,2024-05-29,127.164679864763,36.792717537955,청룡동
175,명륜진사갈비 앞 휀스,천안시 동남구 구성동 388-78,구성동,2024년,2024-05-29,127.157184624042,36.7930394639689,청룡동
176,미라클 PC방 변압기 옆,천안시 동남구 구성동 476-4,구성동,2024년,2024-05-29,127.159582118239,36.7982367718366,청룡동
177,구성삼거리육교 밑,천안시 동남구 구성동 490,구성동,2024년,2024-05-29,127.164303392705,36.7990068317265,청룡동
178,극동스타클래스더퍼스트 버스정류장,천안시 동남구 다가동 467,다가동,2024년,2024-05-29,127.149445686719,36.7914304091567,일봉동
179,공영주차장 입구,천안시 동남구 대흥동 300-10,대흥동,2024년,2024-05-29,127.146493966679,36.8048826406135,중앙동
180,"GS 편의점, 공중전화부스 옆",천안시 동남구 대흥동 30-7,대흥동,2024년,2024-05-29,127.148146321823,36.8096175533257,중앙동
181,한올 ENG 건물 앞,천안시 동남구 문화동 162,문화동,2024년,2024-05-29,127.149719218734,36.8071115772691,문성동
182,태양 오토바이 앞,천안시 동남구 봉명동 224,봉명동,2024년,2024-05-29,127.133413162816,36.81009158662,봉명동
183,순청향생명연구원 앞,천안시 동남구 봉명동 39-9,봉명동,2024년,2024-05-29,127.13956455972,36.8053080984563,봉명동
184,하늘소망교회 앞,천안시 동남구 봉명동 40-26,봉명동,2024년,2024-05-29,127.139227855081,36.8037797576882,봉명동
185,남포동칼국수 앞,천안시 동남구 사직동 240-1,사직동,2024년,2024-05-29,127.146495070806,36.801461839849,중앙동
186,태광종합하드웨어 인도,천안시 동남구 사직동 287-2,사직동,2024년,2024-05-29,127.148015005673,36.7987425648713,중앙동
187,광고판 앞,천안시 동남구 신방동 787-4,신방동,2024년,2024-05-29,127.119588362272,36.7897449397923,신방동
188,일룸 앞 곡선부,천안시 동남구 신방동 788-7,신방동,2024년,2024-05-29,127.119147430284,36.789050893825,신방동
189,교통섬 녹지 앞,천안시 동남구 신방동 875,신방동,2024년,2024-05-29,127.128860063222,36.793471002908,신방동
190,삼일원앙아파트 버스정류장 인근,천안시 동남구 신방동 904,신방동,2024년,2024-05-29,127.120148004361,36.7893971766745,신방동
191,도로 반사경 옆,천안시 동남구 신부동 221-8,신부동,2024년,2024-05-29,127.164095132622,36.8316322364787,신안동
192,대림한내 포레나신부 버스정류장 옆,천안시 동남구 신부동 313-13,신부동,2024년,2024-05-29,127.157522931209,36.8247938793365,신안동
193,미술학원 입구,천안시 동남구 신부동 388-4,신부동,2024년,2024-05-29,127.151551493511,36.8178290414209,신안동
194,펫샵 버스정류장 인근,천안시 동남구 신부동 425-9,신부동,2024년,2024-05-29,127.151305316311,36.8174029500161,신안동
195,LG U플러스 앞,천안시 동남구 신부동 462-8,신부동,2024년,2024-05-29,127.157945973557,36.8184778088262,신안동
196,등촌샤브칼국수 앞 인도,천안시 동남구 신부동 494-5,신부동,2024년,2024-05-29,127.16074406682,36.8198929454493,신안동
197,태조산육교 밑2,천안시 동남구 신부동 56-31,신부동,2024년,2024-05-29,127.164992538151,36.8150056384168,신안동
198,호암빌딩 앞,천안시 동남구 신부동 82-11,신부동,2024년,2024-05-29,127.158484752199,36.8144082229442,신안동
199,평화의 소녀상 입구,천안시 동남구 신부동 824,신부동,2024년,2024-05-29,127.160264377424,36.8201697827481,신안동
200,대림한숲아파트 버스정류장 입구,천안시 동남구 신부동 824,신부동,2024년,2024-05-29,127.160264377424,36.8201697827481,신안동
201,롯데프레시 앞,천안시 동남구 신부동 84-1,신부동,2024년,2024-05-29,127.158565984753,36.8152677731843,신안동
202,불타는 토스트 앞,천안시 동남구 안서동 371-46,안서동,2024년,2024-05-29,127.180173453973,36.8404242096671,신안동
203,안서코아루 아파트 공터,천안시 동남구 안서동 534-170,안서동,2024년,2024-05-29,127.18432593429,36.8295415828357,신안동
204,태조산육교 밑,천안시 동남구 원성동 10-13,원성동,2024년,2024-05-29,127.164893271962,36.8137138553257,원성1동
205,GS 더프레시 횡단보도 옆,천안시 동남구 원성동 127-9,원성동,2024년,2024-05-29,127.158356819569,36.8058916396647,원성2동
206,유량육교 밑,천안시 동남구 원성동 484-2,원성동,2024년,2024-05-29,127.164233419565,36.8092667993477,원성1동
207,LG 베스트샵 앞,천안시 동남구 원성동 602,원성동,2024년,2024-05-29,127.158536408198,36.8088597491602,원성1동
208,육교 밑,천안시 동남구 청당동 22-23,청당동,2024년,2024-05-29,127.158211048623,36.7811100599769,청룡동
209,도미노피자 인근,천안시 동남구 청당동 949,청당동,2024년,2024-05-29,127.146367170124,36.7851231068412,청룡동
210,우미린아파트 버스정류장 인근,천안시 동남구 청당동 949,청당동,2024년,2024-05-29,127.146367170124,36.7851231068412,청룡동
211,주차장 앞 인도 휀스,천안시 동남구 청당동 951,청당동,2024년,2024-05-29,127.152010258254,36.7842218538763,청룡동
212,교량 밑 휀스,천안시 동남구 청당동 952,청당동,2024년,2024-05-29,127.155175618629,36.7851023906569,청룡동
213,"나비플로라 앞, 청수6로",천안시 동남구 청당동 958,청당동,2024년,2024-05-29,127.158320873232,36.7851055451582,청룡동
214,"세비앙 앞, 청수6로",천안시 동남구 청당동 958,청당동,2024년,2024-05-29,127.158320873232,36.7851055451582,청룡동
215,육교 밑,천안시 동남구 청당동 975,청당동,2024년,2024-05-29,127.151074735125,36.7821827423138,청룡동
216,청수극동1차아파트 버스정류장 옆,천안시 동남구 청수동 207-1,청수동,2024년,2024-05-29,127.155839905288,36.7913278570586,청룡동
217,대전충남양돈농협 앞,천안시 동남구 청수동 431,청수동,2024년,2024-05-29,127.157259159303,36.7896541536866,청룡동
218,GS25 편의점 앞(곡선부),천안시 서북구 두정동 1320,두정동,2024년,2024-05-29,127.141044791138,36.8332411848048,부성1동
219,주차장 앞 인도,천안시 서북구 두정동 1334,두정동,2024년,2024-05-29,127.14092660593,36.8321240422976,부성1동
220,노블레스텔 앞,천안시 서북구 두정동 1350,두정동,2024년,2024-05-29,127.139480717352,36.8315469661099,부성1동
221,국민전집 맞은편,천안시 서북구 두정동 1354,두정동,2024년,2024-05-29,127.13853973003,36.8319614041446,부성1동
222,한화 포레나 천안노태 분양홍보관 맞은편,천안시 서북구 두정동 1355,두정동,2024년,2024-05-29,127.138446057706,36.8311760180551,부성1동
223,굿모닝 치과의원 앞,천안시 서북구 두정동 1434,두정동,2024년,2024-05-29,127.14486702869,36.8306586117527,부성1동
224,유료주차장 앞,천안시 서북구 두정동 1445,두정동,2024년,2024-05-29,127.14405929724,36.8312162972272,부성1동
225,동서대로 서부대로 사거리,천안시 서북구 두정동 1778,두정동,2024년,2024-05-29,127.130055690172,36.8256186277534,부성2동
226,블루더카페 맞은편 횡단보도,천안시 서북구 두정동 1778,두정동,2024년,2024-05-29,127.130055690172,36.8256186277534,부성2동
227,천안두정2 행복주택아파트 앞,천안시 서북구 두정동 1823,두정동,2024년,2024-05-29,127.145243401106,36.8314040891839,부성1동
228,포레나 천안두정 방음벽계단 인근,천안시 서북구 두정동 2075,두정동,2024년,2024-05-29,127.15234705237,36.8306227703301,부성1동
229,코아루아파트 버스정류장 인근,천안시 서북구 두정동 447-3,두정동,2024년,2024-05-29,127.152161206487,36.8290430066498,부성1동
230,역말오거리 천안희망초 버스정류장 휀스 인도,천안시 서북구 두정동 462-1,두정동,2024년,2024-05-29,127.152549264095,36.8273427501233,부성1동
231,리즈핏 피트니스 앞,천안시 서북구 두정동 945,두정동,2024년,2024-05-29,127.137733476785,36.8340647137036,부성2동
232,천안 천성교회 맞은편,천안시 서북구 백석동 251,백석동,2024년,2024-05-29,127.115034633378,36.8190482640155,백석동
233,백석산업단지 앞,천안시 서북구 백석동 723,백석동,2024년,2024-05-29,127.108631076699,36.8234936002594,백석동
234,육교 밑,천안시 서북구 백석동 729-2,백석동,2024년,2024-05-29,127.112351474693,36.8245126312379,백석동
235,백석로 동서대로 인접 사거리,천안시 서북구 백석동 772,백석동,2024년,2024-05-29,127.125124242098,36.8237796206903,백석동
236,천안종합운동장 주차장 입구,천안시 서북구 백석동 918,백석동,2024년,2024-05-29,127.117321490058,36.8195505608989,백석동
237,백석1길 오르막길 인도,천안시 서북구 백석동 918,백석동,2024년,2024-05-29,127.117321490058,36.8195505608989,백석동
238,천안종합운동장 북문 입구,천안시 서북구 백석동 918,백석동,2024년,2024-05-29,127.117321490058,36.8195505608989,백석동
239,부성 행복주택아파트 입구 / 천안대로 연결부2,천안시 서북구 부대동 1001,부대동,2024년,2024-05-29,127.154287434524,36.8466922147397,부성1동
240,방음벽 앞 인도,천안시 서북구 부대동 1005,부대동,2024년,2024-05-29,127.155023006067,36.8473905150811,부성1동
241,부성 행복주택아파트 입구 / 천안대로 연결부,천안시 서북구 부대동 1005,부대동,2024년,2024-05-29,127.155023006067,36.8473905150811,부성1동
242,부성1동 행정복지센터 버스정류장 옆,천안시 서북구 부대동 1027,부대동,2024년,2024-05-29,127.152689241348,36.8426712043171,부성1동
243,연결 사잇길 인도,천안시 서북구 부대동 1120,부대동,2024년,2024-05-29,127.154690327549,36.8493307561484,부성1동
244,현대오일뱅크주유소 앞,천안시 서북구 부대동 1135,부대동,2024년,2024-05-29,127.154206770952,36.8481750871371,부성1동
245,버스정류장 옆,천안시 서북구 부대동 983,부대동,2024년,2024-05-29,127.151968337146,36.8471984689289,부성1동
246,원형육교,천안시 서북구 불당동 1265,불당동,2024년,2024-05-29,127.110497722657,36.8022573045527,불당1동
247,불당1교 앞,천안시 서북구 불당동 1446,불당동,2024년,2024-05-29,127.104521970427,36.8013815087514,불당1동
248,상가 앞 휀스 인도,천안시 서북구 불당동 1498,불당동,2024년,2024-05-29,127.10621558938,36.8214446782373,불당2동
249,"다이소, 어울림아파트 사이 인도",천안시 서북구 불당동 1864,불당동,2024년,2024-05-29,127.106950615004,36.8228829102522,불당2동
250,트윈팰리스 버스정류장 뒷편,천안시 서북구 불당동 680,불당동,2024년,2024-05-29,127.109875139362,36.8107249037557,불당1동
251,불당아이파크 아파트 산책로,천안시 서북구 불당동 722,불당동,2024년,2024-05-29,127.10724111264,36.8072768641051,불당1동
252,불당1동 행정복지센터 맞은편 버스정류장 옆,천안시 서북구 불당동 740,불당동,2024년,2024-05-29,127.110376996706,36.8040235958769,불당1동
253,홈플러스 익스프레스 앞 인도(휀스),천안시 서북구 불당동 740,불당동,2024년,2024-05-29,127.110376996706,36.8040235958769,불당1동
254,불당동 유적공원 횡단보도 옆,천안시 서북구 불당동 815,불당동,2024년,2024-05-29,127.114338181138,36.8048879846103,불당1동
255,서당초 앞,천안시 서북구 불당동 817,불당동,2024년,2024-05-29,127.112963624197,36.804097671577,불당1동
256,장재천 버스정류장 옆,천안시 서북구 불당동 832,불당동,2024년,2024-05-29,127.108005841119,36.8072066963937,불당1동
257,삼성 SDI 앞,천안시 서북구 성성동 413-9,성성동,2024년,2024-05-29,127.119678067973,36.8391815489143,부성2동
258,지하도 입구 뒷편,천안시 서북구 성성동 733,성성동,2024년,2024-05-29,127.130596646022,36.8394091200812,부성2동
259,천안시티자이아파트 인도,천안시 서북구 성성동 893,성성동,2024년,2024-05-29,127.123566556889,36.8437715892073,부성2동
260,육교 밑,천안시 서북구 성성동 973,성성동,2024년,2024-05-29,127.128242936889,36.8400301113901,부성2동
261,"삼성대로, 성성7로 교차지점",천안시 서북구 성성동 993,성성동,2024년,2024-05-29,127.125901900998,36.8415662959524,부성2동
262,LG전자 베스트샵 주차장 인도,천안시 서북구 성정동 1536,성정동,2024년,2024-05-29,127.139275775936,36.8268942471075,성정2동
263,성정평생학습관 버스정류장 인근,천안시 서북구 성정동 1546,성정동,2024년,2024-05-29,127.137693654546,36.8281704365179,성정2동
264,농협 주차장 입구,천안시 서북구 성정동 1549,성정동,2024년,2024-05-29,127.141220747409,36.8278517230046,성정2동
265,프라지움 분양홍보관 앞,천안시 서북구 성정동 1554,성정동,2024년,2024-05-29,127.140713505902,36.8256967840091,성정2동
266,외암마을 앞,천안시 서북구 성정동 201-23,성정동,2024년,2024-05-29,127.14148367566,36.8107191639426,성정1동
267,김명장 남원추어탕 출입로,천안시 서북구 성정동 208-9,성정동,2024년,2024-05-29,127.142397836702,36.8100070967231,성정1동
268,우방아이유쉘아파트 버스정류장 옆,천안시 서북구 성정동 90-18,성정동,2024년,2024-05-29,127.150502508047,36.8185484675532,성정1동
269,나사렛대학교 앞,천안시 서북구 쌍용동 1562,쌍용동,2024년,2024-05-29,127.117700673628,36.7942277896201,쌍용2동
270,용암지하차도 인근,천안시 서북구 쌍용동 1899,쌍용동,2024년,2024-05-29,127.11772652342,36.7957443372523,쌍용2동
271,KG모빌리티 맞은편,천안시 서북구 쌍용동 440-2,쌍용동,2024년,2024-05-29,127.120425805111,36.7910118717642,쌍용2동
272,충무로,천안시 서북구 쌍용동 440-25,쌍용동,2024년,2024-05-29,127.121019229198,36.7918375905966,쌍용2동
273,49소갈비살/현대자동차 앞,천안시 서북구 쌍용동 450-2,쌍용동,2024년,2024-05-29,127.118048403639,36.7907609518934,쌍용2동
274,광혜당 약국 앞 공중전화 부스 옆,천안시 서북구 쌍용동 824,쌍용동,2024년,2024-05-29,127.132424317199,36.8078317148226,쌍용1동
275,광고판 앞,천안시 서북구 와촌동 178,와촌동,2024년,2024-05-29,127.143162822069,36.8073690778805,성정1동